id,walletId,type,credit,debit,fee,currency,timestamp,pendingConfirmation,journalId,lnMemo,usd,feeUsd,recipientWalletId,username,memoFromPayer,paymentHash,pubkey,feeKnownInAdvance,address,txHash,displayAmount,displayFee,displayCurrency
pmt-7f3a9c2e-ln-recv,02a1b7c9d4e8f2035a6b8c1d9e7f4a2b5c8d1e6f9a3b7c2d5e8f1a4b7c0d3e6f9a-btc,invoice,125000,0,0,BTC,Sat Aug 01 2026 16:22:31 GMT+0200 (Central European Summer Time),false,,Invoice for design work,,,,,,c8f52aeb9d3e6a104b7f28c5d91e0a3b6f4c82d75e19b0a4c3f6e28d5b917a40,0264e0b8c92d5a17f83bd1a2c94e6b3d8f5a70c1e9d2b64a8f3c5e17d90ab42c6f,,,,,,
pmt-1d8e4b6a-ln-send,02a1b7c9d4e8f2035a6b8c1d9e7f4a2b5c8d1e6f9a3b7c2d5e8f1a4b7c0d3e6f9a-btc,payment,0,50012,12,BTC,Sat Aug 01 2026 20:05:09 GMT+0200 (Central European Summer Time),false,,"Lunch, split with Ana",,,,,,5b09d3f7a2c81e64b5d90f3a7c26e18b4d05f9a3c72e60b18d4f5a29c37e80b1,03f1c5b28e9d64a70c3b5d8f2a91e6c4b0d7f3a25c8e91b6d4a0f7c3e5b28d915,,,,,,
pmt-9c2f7d1b-deposit,02a1b7c9d4e8f2035a6b8c1d9e7f4a2b5c8d1e6f9a3b7c2d5e8f1a4b7c0d3e6f9a-btc,onchain_receipt,1500000,0,0,BTC,Sat Jul 18 2026 11:41:52 GMT+0200 (Central European Summer Time),false,,,,,,,,,,,,f3f19a6e2c85d47b90e13a5c68df02b47a9c1e85d36f20b791c4ae58d0f6b32c,,,
pmt-4a6d0e8c-withdraw,02a1b7c9d4e8f2035a6b8c1d9e7f4a2b5c8d1e6f9a3b7c2d5e8f1a4b7c0d3e6f9a-btc,onchain_payment,0,801350,1350,BTC,Mon Aug 03 2026 23:17:44 GMT+0200 (Central European Summer Time),true,,,,,,,,,,,,a7e94d1f5b38c60e27d90b4f81c3a6e5d20f9b73c14e85a60d2f7c39b81e04d5,,,
pmt-6b1c8f3d-spark-recv,02a1b7c9d4e8f2035a6b8c1d9e7f4a2b5c8d1e6f9a3b7c2d5e8f1a4b7c0d3e6f9a-btc,on_us,21000,0,0,BTC,Sat Jul 25 2026 14:00:03 GMT+0200 (Central European Summer Time),false,,"Rent share, July",,,,,,e2b70c4f9a51d83e6b02f7d4a9c31e85b60d2f47a93c1e08b5d7f2a64c90e31b,,,,,,,
pmt-3e9a5c7f-usdb-send,02a1b7c9d4e8f2035a6b8c1d9e7f4a2b5c8d1e6f9a3b7c2d5e8f1a4b7c0d3e6f9a-usd,on_us,0,2600,0,USD,Thu Jul 30 2026 18:48:20 GMT+0200 (Central European Summer Time),false,,"Groceries, cash back",25.99,0.01,,,,,,,,b5d21f8a4c96e30d7b45a1f92c68e04d3b70f5c29a81d6e43b09f7a25d18c60e,,,
pmt-8d4f2a6b-conv-btc,02a1b7c9d4e8f2035a6b8c1d9e7f4a2b5c8d1e6f9a3b7c2d5e8f1a4b7c0d3e6f9a-btc,self_trade,0,45045,45,BTC,Wed Jul 22 2026 10:30:15 GMT+0200 (Central European Summer Time),false,,,,,,,,,,,,,,,
pmt-0f7b3d9e-conv-usdb,02a1b7c9d4e8f2035a6b8c1d9e7f4a2b5c8d1e6f9a3b7c2d5e8f1a4b7c0d3e6f9a-usd,self_trade,3012,0,0,USD,Wed Jul 22 2026 10:30:18 GMT+0200 (Central European Summer Time),false,,,30.12,0,,,,,,,,d90c5e2b7f14a86d3e50b9f27c41a08e6d3b5f90c27a14e86b3d50f9a27c41e0,,,
pmt-2c8e6a4d-ln-memo,02a1b7c9d4e8f2035a6b8c1d9e7f4a2b5c8d1e6f9a3b7c2d5e8f1a4b7c0d3e6f9a-btc,invoice,5000,0,0,BTC,Fri Jul 10 2026 21:55:37 GMT+0200 (Central European Summer Time),false,,"Tips, thanks for the ""great"" talk, see you in Riga",,,,,,74a0c2e85b19d3f6a4c07e28b5d91f3a6c40e27d85b19f0a3c6d4e28b57f91a0,02c7a94e1f5d38b60c27e90d4b81f3a6c5e20d9f73b14c85e60a2d7f39c81b04e,,,,,,
